Wochentag
Dienstag
Dienstag
Dienstag
Dienstag
Dienstag
Dienstag
Dienstag
Dienstag
Dienstag
Dienstag
Dienstag
Dienstag
Dienstag
Dienstag
Dienstag
Dienstag
Dienstag
Dienstag
Dienstag
Dienstag
Dienstag
Dienstag
Dienstag
Dienstag
Dienstag
Dienstag
Dienstag
Dienstag
Dienstag
Dienstag
Dienstag
Dienstag
Dienstag
Dienstag
Dienstag
Dienstag
Dienstag
Dienstag
Dienstag
Dienstag
Dienstag
Dienstag
Dienstag
Dienstag
Dienstag
Dienstag
Dienstag
Dienstag
Dienstag
Dienstag
Dienstag
Dienstag
Donnerstag
Donnerstag
Donnerstag
Donnerstag
Donnerstag
Donnerstag
Donnerstag
Donnerstag
Donnerstag
Donnerstag
Donnerstag
Donnerstag
Donnerstag
Donnerstag
Donnerstag
Donnerstag
Donnerstag
Donnerstag
Donnerstag
Donnerstag
Donnerstag
Donnerstag
Donnerstag
Donnerstag
Donnerstag
Donnerstag
Donnerstag
Donnerstag
Donnerstag
Donnerstag
Donnerstag
Donnerstag
Donnerstag
Donnerstag
Donnerstag
Donnerstag
Donnerstag
Donnerstag
Donnerstag
Donnerstag
Donnerstag
Donnerstag
Donnerstag
Donnerstag
Donnerstag
Donnerstag
Donnerstag
Donnerstag
Donnerstag
Donnerstag
Donnerstag
Donnerstag
Freitag
Freitag
Freitag
Freitag
Freitag
Freitag
Freitag
Freitag
Freitag
Freitag
Freitag
Freitag
Freitag
Freitag
Freitag
Freitag
Freitag
Freitag
Freitag
Freitag
Freitag
Freitag
Freitag
Freitag
Freitag
Freitag
Freitag
Freitag
Freitag
Freitag
Freitag
Freitag
Freitag
Freitag
Freitag
Freitag
Freitag
Freitag
Freitag
Freitag
Freitag
Freitag
Freitag
Freitag
Freitag
Freitag
Freitag
Freitag
Freitag
Freitag
Freitag
Freitag
Mittwoch
Mittwoch
Mittwoch
Mittwoch
Mittwoch
Mittwoch
Mittwoch
Mittwoch
Mittwoch
Mittwoch
Mittwoch
Mittwoch
Mittwoch
Mittwoch
Mittwoch
Mittwoch
Mittwoch
Mittwoch
Mittwoch
Mittwoch
Mittwoch
Mittwoch
Mittwoch
Mittwoch
Mittwoch
Mittwoch
Mittwoch
Mittwoch
Mittwoch
Mittwoch
Mittwoch
Mittwoch
Mittwoch
Mittwoch
Mittwoch
Mittwoch
Mittwoch
Mittwoch
Mittwoch
Mittwoch
Mittwoch
Mittwoch
Mittwoch
Mittwoch
Mittwoch
Mittwoch
Mittwoch
Mittwoch
Mittwoch
Mittwoch
Mittwoch
Mittwoch
Mittwoch
Montag
Montag
Montag
Montag
Montag
Montag
Montag
Montag
Montag
Montag
Montag
Montag
Montag
Montag
Montag
Montag
Montag
Montag
Montag
Montag
Montag
Montag
Montag
Montag
Montag
Montag
Montag
Montag
Montag
Montag
Montag
Montag
Montag
Montag
Montag
Montag
Montag
Montag
Montag
Montag
Montag
Montag
Montag
Montag
Montag
Montag
Montag
Montag
Montag
Montag
Montag
Montag
Samstag
Samstag
Samstag
Samstag
Samstag
Samstag
Samstag
Samstag
Samstag
Samstag
Samstag
Samstag
Samstag
Samstag
Samstag
Samstag
Samstag
Samstag
Samstag
Samstag
Samstag
Samstag
Samstag
Samstag
Samstag
Samstag
Samstag
Samstag
Samstag
Samstag
Samstag
Samstag
Samstag
Samstag
Samstag
Samstag
Samstag
Samstag
Samstag
Samstag
Samstag
Samstag
Samstag
Samstag
Samstag
Samstag
Samstag
Samstag
Samstag
Samstag
Samstag
Samstag
Sonntag
Sonntag
Sonntag
Sonntag
Sonntag
Sonntag
Sonntag
Sonntag
Sonntag
Sonntag
Sonntag
Sonntag
Sonntag
Sonntag
Sonntag
Sonntag
Sonntag
Sonntag
Sonntag
Sonntag
Sonntag
Sonntag
Sonntag
Sonntag
Sonntag
Sonntag
Sonntag
Sonntag
Sonntag
Sonntag
Sonntag
Sonntag
Sonntag
Sonntag
Sonntag
Sonntag
Sonntag
Sonntag
Sonntag
Sonntag
Sonntag
Sonntag
Sonntag
Sonntag
Sonntag
Sonntag
Sonntag
Sonntag
Sonntag
Sonntag
Sonntag
Sonntag
